{
	"format_version": "1.8.0",
	"animations": {
		"animation.rebo.punch.right": {
			"animation_length": 1,
			"bones": {
				"bodyLower": {
					"rotation": {
						"0.0": [0, 0, 0],
						"0.125": [0, 0, 0],
						"0.375": [17.62528, 31.26463, 9.36302],
						"0.4375": [34.99913, -63.17628, -31.99897],
						"0.8125": [0, 0, 0],
						"1.0": [0, 0, 0]
					}
				},
				"leftLeg": {
					"rotation": {
						"0.0": [0, 0, 0],
						"0.125": [0, 0, 0],
						"0.375": [-7.5, 0, 0],
						"0.8125": [0, 0, 0],
						"1.0": [0, 0, 0]
					},
					"position": {
						"0.0": [0, 0, 0],
						"0.125": [0, 0, 0],
						"0.375": [0, -1, 0],
						"0.8125": [0, 0, 0],
						"1.0": [0, 0, 0]
					}
				},
				"leftLegLower": {
					"rotation": {
						"0.0": [0, 0, 0],
						"0.125": [0, 0, 0],
						"0.375": [17.5, 0, 0],
						"0.8125": [0, 0, 0],
						"1.0": [0, 0, 0]
					},
					"position": {
						"0.0": [0, 0, 0],
						"0.125": [0, 0, 0],
						"0.8125": [0, 0, 0],
						"1.0": [0, 0, 0]
					}
				},
				"rightLeg": {
					"rotation": {
						"0.0": [0, 0, 0],
						"0.125": [-12.5, 0, 0],
						"0.375": [5, 0, 0],
						"0.8125": [-12.5, 0, 0],
						"1.0": [0, 0, 0]
					},
					"position": {
						"0.0": [0, 0, 0],
						"0.125": [0, 0, 0],
						"0.375": [0, -1, 1],
						"0.8125": [0, 0, 0],
						"1.0": [0, 0, 0]
					}
				},
				"rightLegLower": {
					"rotation": {
						"0.0": [0, 0, 0],
						"0.125": [17.5, 0, 0],
						"0.8125": [17.5, 0, 0],
						"1.0": [0, 0, 0]
					}
				},
				"bodyUpper": {
					"rotation": {
						"0.0": [0, 0, 0],
						"0.125": [20, 0, 0],
						"0.375": ["46.12748+ query.target_x_rotation - this", "21.67802 + query.target_y_rotation", 7.09813],
						"0.4375": ["36.566 + query.target_x_rotation - this", "-12.43437 + query.target_y_rotation", -2.51583],
						"0.8125": [20, 0, 0],
						"1.0": [0, 0, 0]
					},
					"position": {
						"0.0": [0, 0, 0],
						"0.125": [0, 0, 0],
						"0.8125": [0, 0, 0],
						"1.0": [0, 0, 0]
					}
				},
				"rightArm": {
					"rotation": {
						"0.0": [0, 0, 0],
						"0.125": [0, 0, 15],
						"0.375": [25, 0, 15],
						"0.4375": [-82.09804, 65.13959, 63.82363],
						"0.8125": [0, 0, 15],
						"1.0": [0, 0, 0]
					},
					"position": {
						"0.0": [0, 0, 0],
						"0.125": [0, 1, 0],
						"0.4375": [0, 1, -3],
						"0.8125": [0, 1, 0],
						"1.0": [0, 0, 0]
					}
				},
				"rightArmLower": {
					"rotation": {
						"0.0": [0, 0, 0],
						"0.125": [-62.5, 0, 0],
						"0.375": [-75, 0, 0],
						"0.4375": [-12.5, 0, 0],
						"0.8125": [-62.5, 0, 0],
						"1.0": [0, 0, 0]
					}
				},
				"leftArm": {
					"rotation": {
						"0.0": [0, 0, 0],
						"0.125": [0, 0, -15],
						"0.4375": [35.75973, -16.32555, -37.44031],
						"0.8125": [0, 0, -15],
						"1.0": [0, 0, 0]
					}
				},
				"LeftArmLower": {
					"rotation": {
						"0.0": [0, 0, 0],
						"0.125": [-62.5, 0, 0],
						"0.4375": [-85, 0, 0],
						"0.8125": [-62.5, 0, 0],
						"1.0": [0, 0, 0]
					}
				}
			}
		},
		"animation.rebo.punch.left": {
			"animation_length": 1,
			"bones": {
				"bodyLower": {
					"rotation": {
						"0.0": [0, 0, 0],
						"0.125": [0, 0, 0],
						"0.375": [17.62528, -31.26463, -9.36302],
						"0.4375": [34.99914, 63.17628, 31.99898],
						"0.8125": [0, 0, 0],
						"1.0": [0, 0, 0]
					}
				},
				"rightLeg": {
					"rotation": {
						"0.0": [0, 0, 0],
						"0.125": [0, 0, 0],
						"0.375": [-7.5, 0, 0],
						"0.8125": [0, 0, 0],
						"1.0": [0, 0, 0]
					},
					"position": {
						"0.0": [0, 0, 0],
						"0.125": [0, 0, 0],
						"0.375": [0, -1, 0],
						"0.8125": [0, 0, 0],
						"1.0": [0, 0, 0]
					}
				},
				"rightLegLower": {
					"rotation": {
						"0.0": [0, 0, 0],
						"0.125": [0, 0, 0],
						"0.375": [17.5, 0, 0],
						"0.8125": [0, 0, 0],
						"1.0": [0, 0, 0]
					},
					"position": {
						"0.0": [0, 0, 0],
						"0.125": [0, 0, 0],
						"0.8125": [0, 0, 0],
						"1.0": [0, 0, 0]
					}
				},
				"leftLeg": {
					"rotation": {
						"0.0": [0, 0, 0],
						"0.125": [-12.5, 0, 0],
						"0.375": [5, 0, 0],
						"0.8125": [-12.5, 0, 0],
						"1.0": [0, 0, 0]
					},
					"position": {
						"0.0": [0, 0, 0],
						"0.125": [0, 0, 0],
						"0.375": [0, -1, 1],
						"0.8125": [0, 0, 0],
						"1.0": [0, 0, 0]
					}
				},
				"leftLegLower": {
					"rotation": {
						"0.0": [0, 0, 0],
						"0.125": [17.5, 0, 0],
						"0.8125": [17.5, 0, 0],
						"1.0": [0, 0, 0]
					}
				},
				"bodyUpper": {
					"rotation": {
						"0.0": [0, 0, 0],
						"0.125": [20, 0, 0],
						"0.375": ["46.12748+ query.target_x_rotation - this", "-21.67802 + query.target_y_rotation", 7.09813],
						"0.4375": ["36.566 + query.target_x_rotation - this", "12.43437 + query.target_y_rotation", -2.51583],
						"0.8125": [20, 0, 0],
						"1.0": [0, 0, 0]
					},
					"position": {
						"0.0": [0, 0, 0],
						"0.125": [0, 0, 0],
						"0.8125": [0, 0, 0],
						"1.0": [0, 0, 0]
					}
				},
				"leftArm": {
					"rotation": {
						"0.0": [0, 0, 0],
						"0.125": [0, 0, -15],
						"0.375": [25, 0, -15],
						"0.4375": [-82.09804, -65.1396, -63.8236],
						"0.8125": [0, 0, -15],
						"1.0": [0, 0, 0]
					},
					"position": {
						"0.0": [0, 0, 0],
						"0.125": [0, 1, 0],
						"0.4375": [0, 1, -3],
						"0.8125": [0, 1, 0],
						"1.0": [0, 0, 0]
					}
				},
				"LeftArmLower": {
					"rotation": {
						"0.0": [0, 0, 0],
						"0.125": [-62.5, 0, 0],
						"0.375": [-75, 0, 0],
						"0.4375": [-12.5, 0, 0],
						"0.8125": [-62.5, 0, 0],
						"1.0": [0, 0, 0]
					}
				},
				"rightArm": {
					"rotation": {
						"0.0": [0, 0, 0],
						"0.125": [0, 0, 15],
						"0.4375": [35.75973, -16.32555, 37.4403],
						"0.8125": [0, 0, 15],
						"1.0": [0, 0, 0]
					}
				},
				"rightArmLower": {
					"rotation": {
						"0.0": [0, 0, 0],
						"0.125": [-62.5, 0, 0],
						"0.4375": [-85, 0, 0],
						"0.8125": [-62.5, 0, 0],
						"1.0": [0, 0, 0]
					}
				}
			}
		}
	}
}